-------------------- Insert some elements ------------------------

INSERT INTO element(cod_element, name_element, description, native_element, type_element, usernew, datenew, useredit, dateedit, status)
            VALUES ('CuOx', 'Cobre oxidado', null, null, null, 'isaac', '20121017', 'isaac', '20121017', true);
INSERT INTO element(cod_element, name_element, description, native_element, type_element, usernew, datenew, useredit, dateedit, status)
            VALUES ('Au', 'Oro', null, null, null, 'isaac', '20121017', 'isaac', '20121017', true);
INSERT INTO element(cod_element, name_element, description, native_element, type_element, usernew, datenew, useredit, dateedit, status)
            VALUES ('Ag', 'Plata', null, null, null, 'isaac', '20121017', 'isaac', '20121017', true);
INSERT INTO element(cod_element, name_element, description, native_element, type_element, usernew, datenew, useredit, dateedit, status)
            VALUES ('Cu', 'Cobre', null, null, null, 'isaac', '20121017', 'isaac', '20121017', true);
INSERT INTO element(cod_element, name_element, description, native_element, type_element, usernew, datenew, useredit, dateedit, status)
            VALUES ('Pb', 'Plomo', null, null, null, 'isaac', '20121017', 'isaac', '20121017', true);
INSERT INTO element(cod_element, name_element, description, native_element, type_element, usernew, datenew, useredit, dateedit, status)
            VALUES ('Zn', 'Zinc', null, null, null, 'isaac', '20121017', 'isaac', '20121017', true);
INSERT INTO element(cod_element, name_element, description, native_element, type_element, usernew, datenew, useredit, dateedit, status)
            VALUES ('CuAcS', 'Cobre soluble', null, null, null, 'isaac', '20121017', 'isaac', '20121017', true);           
INSERT INTO element(cod_element, name_element, description, native_element, type_element, usernew, datenew, useredit, dateedit, status)
            VALUES ('Cu Sec', 'Cobre cianurable secuencial', null, null, null, 'isaac', '20121017', 'isaac', '20121017', true);  
INSERT INTO element(cod_element, name_element, description, native_element, type_element, usernew, datenew, useredit, dateedit, status)
            VALUES ('Cu CN', 'Cobre solubre en cianuro', null, null, null, 'isaac', '20121017', 'isaac', '20121017', true);  
INSERT INTO element(cod_element, name_element, description, native_element, type_element, usernew, datenew, useredit, dateedit, status)
            VALUES ('FeAcS', 'Fierro soluble en ácido sulfúrico', null, null, null, 'isaac', '20121017', 'isaac', '20121017', true);              
INSERT INTO element(cod_element, name_element, description, native_element, type_element, usernew, datenew, useredit, dateedit, status)
            VALUES ('Al', 'Aluminio soluble en agua', null, null, null, 'isaac', '20121017', 'isaac', '20121017', true);
INSERT INTO element(cod_element, name_element, description, native_element, type_element, usernew, datenew, useredit, dateedit, status)
            VALUES ('Sb', 'Antimonio', null, null, null, 'isaac', '20121017', 'isaac', '20121017', true);
INSERT INTO element(cod_element, name_element, description, native_element, type_element, usernew, datenew, useredit, dateedit, status)
            VALUES ('Ba', 'Bario', null, null, null, 'isaac', '20121017', 'isaac', '20121017', true);            
INSERT INTO element(cod_element, name_element, description, native_element, type_element, usernew, datenew, useredit, dateedit, status)
            VALUES ('Ca', 'Calcio', null, null, null, 'isaac', '20121017', 'isaac', '20121017', true); 
INSERT INTO element(cod_element, name_element, description, native_element, type_element, usernew, datenew, useredit, dateedit, status)
            VALUES ('Sn', 'Estaño', null, null, null, 'isaac', '20121017', 'isaac', '20121017', true);
INSERT INTO element(cod_element, name_element, description, native_element, type_element, usernew, datenew, useredit, dateedit, status)
            VALUES ('Fe', 'Fierro', null, null, null, 'isaac', '20121017', 'isaac', '20121017', true);            
INSERT INTO element(cod_element, name_element, description, native_element, type_element, usernew, datenew, useredit, dateedit, status)
            VALUES ('Fe Ox', 'Fierro Oxidado', null, null, null, 'isaac', '20121017', 'isaac', '20121017', true); 
INSERT INTO element(cod_element, name_element, description, native_element, type_element, usernew, datenew, useredit, dateedit, status)
            VALUES ('Mn', 'Manganeso', null, null, null, 'isaac', '20121017', 'isaac', '20121017', true); 
INSERT INTO element(cod_element, name_element, description, native_element, type_element, usernew, datenew, useredit, dateedit, status)
            VALUES ('Mo', 'Molibdeno', null, null, null, 'isaac', '20121017', 'isaac', '20121017', true);
INSERT INTO element(cod_element, name_element, description, native_element, type_element, usernew, datenew, useredit, dateedit, status)
            VALUES ('Bi', 'Bismuto', null, null, null, 'isaac', '20121017', 'isaac', '20121017', true);
INSERT INTO element(cod_element, name_element, description, native_element, type_element, usernew, datenew, useredit, dateedit, status)
            VALUES ('Ti', 'Titanio', null, null, null, 'isaac', '20121017', 'isaac', '20121017', true);
INSERT INTO element(cod_element, name_element, description, native_element, type_element, usernew, datenew, useredit, dateedit, status)
            VALUES ('W', 'Tungsteno', null, null, null, 'isaac', '20121017', 'isaac', '20121017', true);
INSERT INTO element(cod_element, name_element, description, native_element, type_element, usernew, datenew, useredit, dateedit, status)
            VALUES ('V', 'Vanadio', null, null, null, 'isaac', '20121017', 'isaac', '20121017', true);
INSERT INTO element(cod_element, name_element, description, native_element, type_element, usernew, datenew, useredit, dateedit, status)
            VALUES ('Mg', 'Magnesio', null, null, null, 'isaac', '20121017', 'isaac', '20121017', true);            
INSERT INTO element(cod_element, name_element, description, native_element, type_element, usernew, datenew, useredit, dateedit, status)
            VALUES ('Cl-', 'Cloruros', null, null, null, 'isaac', '20121017', 'isaac', '20121017', true);
INSERT INTO element(cod_element, name_element, description, native_element, type_element, usernew, datenew, useredit, dateedit, status)
            VALUES ('Form Espec', 'Form Espec', null, null, null, 'isaac', '20121017', 'isaac', '20121017', true);
INSERT INTO element(cod_element, name_element, description, native_element, type_element, usernew, datenew, useredit, dateedit, status)
            VALUES ('Na', 'Sodio', null, null, null, 'isaac', '20121017', 'isaac', '20121017', true);
INSERT INTO element(cod_element, name_element, description, native_element, type_element, usernew, datenew, useredit, dateedit, status)
            VALUES ('K', 'Potasio', null, null, null, 'isaac', '20121017', 'isaac', '20121017', true);
INSERT INTO element(cod_element, name_element, description, native_element, type_element, usernew, datenew, useredit, dateedit, status)
            VALUES ('Li', 'Litio', null, null, null, 'isaac', '20121017', 'isaac', '20121017', true);                        
INSERT INTO element(cod_element, name_element, description, native_element, type_element, usernew, datenew, useredit, dateedit, status)
            VALUES ('Sr', 'Estroncio', null, null, null, 'isaac', '20121017', 'isaac', '20121017', true);   
INSERT INTO element(cod_element, name_element, description, native_element, type_element, usernew, datenew, useredit, dateedit, status)
            VALUES ('Al', 'Aluminio', null, null, null, 'isaac', '20121017', 'isaac', '20121017', true); 
INSERT INTO element(cod_element, name_element, description, native_element, type_element, usernew, datenew, useredit, dateedit, status)
            VALUES ('Ni', 'Niquel', null, null, null, 'isaac', '20121017', 'isaac', '20121017', true); 
INSERT INTO element(cod_element, name_element, description, native_element, type_element, usernew, datenew, useredit, dateedit, status)
            VALUES ('Co', 'Cobalto', null, null, null, 'isaac', '20121017', 'isaac', '20121017', true); 
INSERT INTO element(cod_element, name_element, description, native_element, type_element, usernew, datenew, useredit, dateedit, status)
            VALUES ('Cu Nat', 'Cobre nativo', null, null, null, 'isaac', '20121017', 'isaac', '20121017', true); 
INSERT INTO element(cod_element, name_element, description, native_element, type_element, usernew, datenew, useredit, dateedit, status)
            VALUES ('Cr', 'Cromo', null, null, null, 'isaac', '20121017', 'isaac', '20121017', true); 
INSERT INTO element(cod_element, name_element, description, native_element, type_element, usernew, datenew, useredit, dateedit, status)
            VALUES ('Zn Ox', 'Zinc Oxidado', null, null, null, 'isaac', '20121017', 'isaac', '20121017', true);
INSERT INTO element(cod_element, name_element, description, native_element, type_element, usernew, datenew, useredit, dateedit, status)
            VALUES ('Cd', 'Cadmio', null, null, null, 'isaac', '20121017', 'isaac', '20121017', true);


-------------------- Insert some type samples --------------------
INSERT INTO type_sample(cod_type_sample, name_type_sample, description, usernew, datenew, useredit, dateedit, status)
    VALUES ('MN', 'Mineral', null, 'isaac', '20121017', 'isaac', '20121017', true);
INSERT INTO type_sample(cod_type_sample, name_type_sample, description, usernew, datenew, useredit, dateedit, status)
    VALUES ('SS', 'Soluciónes', null, 'isaac', '20121017', 'isaac', '20121017', true);
INSERT INTO type_sample(cod_type_sample, name_type_sample, description, usernew, datenew, useredit, dateedit, status)
    VALUES ('SA', 'Suelos agrecolas', null, 'isaac', '20121017', 'isaac', '20121017', true);
INSERT INTO type_sample(cod_type_sample, name_type_sample, description, usernew, datenew, useredit, dateedit, status)
    VALUES ('AR', 'Aire', null, 'isaac', '20121017', 'isaac', '20121017', true);

-------------------- Insert some correlatives ---------------------
/*
INSERT INTO correlative(prefix, correlative,mreach15,num_digits,cod_type_sample)
    VALUES ('AR12', 1, true, 5, 'AR');
INSERT INTO correlative(prefix, correlative,mreach15,num_digits,cod_type_sample)
    VALUES ('MN12', 1, true, 5, 'MN');
INSERT INTO correlative(prefix, correlative,mreach15,num_digits,cod_type_sample)
    VALUES ('SA12', 1, true, 5, 'SA');
INSERT INTO correlative(prefix, correlative,mreach15,num_digits,cod_type_sample)
    VALUES ('SS12', 1, true, 5, 'SS');
*/

-------------------- Insert some digestion items -------------------
INSERT INTO digestion_method(cod_digestion_method, name_digestion_method) VALUES ('FA', 'Fusion alcalina');
INSERT INTO digestion_method(cod_digestion_method, name_digestion_method) VALUES ('MA', 'Multi acida');
INSERT INTO digestion_method(cod_digestion_method, name_digestion_method) VALUES ('3A', '3 acidos');
INSERT INTO digestion_method(cod_digestion_method, name_digestion_method) VALUES ('AR', 'Regia');
INSERT INTO digestion_method(cod_digestion_method, name_digestion_method) VALUES ('EF', 'Ensayo a fuego');
INSERT INTO digestion_method(cod_digestion_method, name_digestion_method) VALUES ('DEST', 'Destilacion');
INSERT INTO digestion_method(cod_digestion_method, name_digestion_method) VALUES ('EX', 'Extraccion');
INSERT INTO digestion_method(cod_digestion_method, name_digestion_method) VALUES ('MET', 'Prueba Met');
INSERT INTO digestion_method(cod_digestion_method, name_digestion_method) VALUES ('DE', 'Diges esp');
INSERT INTO digestion_method(cod_digestion_method, name_digestion_method) VALUES ('Calc', 'Calcinacion');
INSERT INTO digestion_method(cod_digestion_method, name_digestion_method) VALUES ('Prep', 'Prep Muestras');
INSERT INTO digestion_method(cod_digestion_method, name_digestion_method) VALUES ('Det', 'Determinacion');

-- insert some description sample items
INSERT INTO description_sample(cod_des_sample, description) values('1', 'mineral');
INSERT INTO description_sample(cod_des_sample, description) values('2', 'mineral pulverizado');
INSERT INTO description_sample(cod_des_sample, description) values('3', 'Mineral Gran.');
INSERT INTO description_sample(cod_des_sample, description) values('4', 'Concentrado');
INSERT INTO description_sample(cod_des_sample, description) values('5', 'Cola');
INSERT INTO description_sample(cod_des_sample, description) values('6', 'Llampo');
INSERT INTO description_sample(cod_des_sample, description) values('7', 'Ripio');
INSERT INTO description_sample(cod_des_sample, description) values('8', 'Cabeza');
INSERT INTO description_sample(cod_des_sample, description) values('9', 'Relave');
INSERT INTO description_sample(cod_des_sample, description) values('10', 'Roca');
INSERT INTO description_sample(cod_des_sample, description) values('11', 'Sellado Mineral Pulverizado');
INSERT INTO description_sample(cod_des_sample, description) values('12', 'Sellado Mineral Gran.');
INSERT INTO description_sample(cod_des_sample, description) values('13', 'Carbon Activado');
INSERT INTO description_sample(cod_des_sample, description) values('14', 'Bentonita');
INSERT INTO description_sample(cod_des_sample, description) values('15', 'Arcilla');
INSERT INTO description_sample(cod_des_sample, description) values('16', 'Caliza');
INSERT INTO description_sample(cod_des_sample, description) values('17', 'Cal');
INSERT INTO description_sample(cod_des_sample, description) values('18', 'Yeso');
INSERT INTO description_sample(cod_des_sample, description) values('19', 'Arena');
INSERT INTO description_sample(cod_des_sample, description) values('20', 'Caolin');
INSERT INTO description_sample(cod_des_sample, description) values('21', 'Diatomita');
INSERT INTO description_sample(cod_des_sample, description) values('22', 'Suelo');
INSERT INTO description_sample(cod_des_sample, description) values('23', 'Sal');
INSERT INTO description_sample(cod_des_sample, description) values('24', 'Concreto');
INSERT INTO description_sample(cod_des_sample, description) values('25', 'Cemento');
INSERT INTO description_sample(cod_des_sample, description) values('26', 'Sellado Carbo Activado');
INSERT INTO description_sample(cod_des_sample, description) values('27', 'Dore');
INSERT INTO description_sample(cod_des_sample, description) values('28', 'Dirimencia');
INSERT INTO description_sample(cod_des_sample, description) values('29', 'Contramuestra');
INSERT INTO description_sample(cod_des_sample, description) values('30', 'Imienda Orgánica');
INSERT INTO description_sample(cod_des_sample, description) values('31', 'Composito');
INSERT INTO description_sample(cod_des_sample, description) values('32', 'Pulpa');
INSERT INTO description_sample(cod_des_sample, description) values('33', 'Pre-Concentrado');
INSERT INTO description_sample(cod_des_sample, description) values('34', 'Mineral de Boro');

-- insert some client items

INSERT INTO company(business_name, domicile, type_company, ruc, mail, phone_client)
	values('ART ATLAS S.R.L.', 'AV. CARACAS MZA. A LOTE. 9 URB. SIMON BOLIVAR - Aqp - JBR', 'C', '20413770204', 'svizcarra@artatlasperu.com', null);
INSERT INTO company(business_name, domicile, type_company, ruc, mail, phone_client)
	values('ARUNTANI S.A.C.', 'Av. Principal 556 San Isidro Lima', 'C', '20466327612', 'jmaldonado@mdh.com.pe', '959735231');		
INSERT INTO company(business_name, domicile, type_company, ruc, mail, phone_client)
	values('ATLANTIS GOLD S.A.C.', 'MZ A.DPTO. 301.LOTE 4 URB.LA SEÑORIAL-AREQUIPA-CAYMA.', 'C', '20521924633', 'carlosfloresrivera70@gmail.com', '959904917');
INSERT INTO company(business_name, domicile, type_company, ruc, mail, phone_client)
	values('AURIMIN PERÚ S.R.L.', 'Litica  - Chumbivilcas - Cusco', 'C', null, null, null);					
INSERT INTO company(business_name, domicile, type_company, ruc, mail, phone_client)
	values('Aurum Mining Peru S.A', 'ALCANFORES NRO. 761 DPTO. 1701 LIMA - LIMA - MIRAFLORES', 'C', '20546865011', 'lisexplorations@hotmail.com', '959016321');
INSERT INTO company(business_name, domicile, type_company, ruc, mail, phone_client)
	values('BULCON S.A.C.', 'AV. CAMPO FERIAL MZA. C LOTE. 1 URB. 1 DE MAYO - J.L.B. Y R - AREQUIPA', 'C', '20455301590', 'pablo_lanza@bulcon.com.pe', null);	
INSERT INTO company(business_name, domicile, type_company, ruc, mail, phone_client)
	values('LAS', 'Rio Seco', 'C', '', '', null);
INSERT INTO company(business_name, domicile, type_company, ruc, mail, phone_client)
	values('AVANTEC E.I.R.L.', 'AV. INDEPENDENCIA NRO. 437D AREQUIPA-AREQUIPA', 'C', '20455109991', null, null);	
																																														
INSERT INTO measurement_unit(name_unit, description) values('ppm', 'Partes por millón');
INSERT INTO measurement_unit(name_unit, description) values('ppb', 'Partes por billón');
INSERT INTO measurement_unit(name_unit, description) values('%', 'Porcentaje');
INSERT INTO measurement_unit(name_unit, description) values('g/TM', 'Gramos por Tonelada');
INSERT INTO measurement_unit(name_unit, description) values('ug/g', '');


INSERT INTO tray(type_tray, size_tray, usernew, datenew, useredit, dateedit, status, name_tray, num_cols, num_rows)
    VALUES ('B', 24, null, null, null, null, true, '6x4', 6, 4);
INSERT INTO tray(type_tray, size_tray, usernew, datenew, useredit, dateedit, status, name_tray, num_cols, num_rows)
    VALUES ('B', 30, null, null, null, null, true, '6x5', 6, 5);
INSERT INTO tray(type_tray, size_tray, usernew, datenew, useredit, dateedit, status, name_tray, num_cols, num_rows)
    VALUES ('B', 48, null, null, null, null, true, '6x8', 6, 8);
INSERT INTO tray(type_tray, size_tray, usernew, datenew, useredit, dateedit, status, name_tray, num_cols, num_rows)
    VALUES ('G', 60, null, null, null, null, true, '12x5', 12, 5);
INSERT INTO tray(type_tray, size_tray, usernew, datenew, useredit, dateedit, status, name_tray, num_cols, num_rows)
    VALUES ('G', 24, null, null, null, null, true, '8x3', 8, 3);

-- insert some modules
INSERT INTO area(cod_area, nom_area) VALUES ('A001', 'preparacion de muestra');
INSERT INTO area(cod_area, nom_area) VALUES ('A002', 'balanza');
INSERT INTO area(cod_area, nom_area) VALUES ('A003', 'digestion de muestras'); 
INSERT INTO area(cod_area, nom_area) VALUES ('A004', 'AA');
INSERT INTO area(cod_area, nom_area) VALUES ('A005', 'revision de datos');
INSERT INTO area(cod_area, nom_area) VALUES ('A006', 'emision de informe');


-- insert some modules
-- delete FROM MODULE
INSERT INTO module(cod_module, nom_module) VALUES ('M001', 'recepcion');
INSERT INTO module(cod_module, nom_module) VALUES ('M002', 'qaqc-espera');
INSERT INTO module(cod_module, nom_module) VALUES ('M003', 'qaqc-aprobados'); 
INSERT INTO module(cod_module, nom_module) VALUES ('M004', 'reportados');


-- insert some process
-- Balanza
-- drop table process_user_system
-- drop table process cascade
INSERT INTO process(cod_process, nom_process, description, cod_module, cod_area) VALUES ('P001', 'admision de muestras', '', 'M001', 'A002');	--	dato
INSERT INTO process(cod_process, nom_process, description, cod_module, cod_area) VALUES ('P002', 'ordenar las muestras', '', 'M001', 'A002');	--	en funcion de bandeja aprobacion
INSERT INTO process(cod_process, nom_process, description, cod_module, cod_area) VALUES ('P003', 'pesar la muestra', '', 'M001', 'A002');		-- dato
INSERT INTO process(cod_process, nom_process, description, cod_module, cod_area) VALUES ('P004', 'etiquetar la bandeja', '', 'M001', 'A002');	--	impresión
INSERT INTO process(cod_process, nom_process, description, cod_module, cod_area) VALUES ('P005', 'encaminar la muestra', '', 'M001', 'A002');
-- digestion de muestra
INSERT INTO process(cod_process, nom_process, description, cod_module, cod_area) VALUES ('P006', 'admision de muestras', '', 'M002', 'A003');	--		dato
INSERT INTO process(cod_process, nom_process, description, cod_module, cod_area) VALUES ('P007', 'alicuota', '', 'M002', 'A003');			--		dato
INSERT INTO process(cod_process, nom_process, description, cod_module, cod_area) VALUES ('P008', 'digestar la muestra', '', 'M002', 'A003');	--		
INSERT INTO process(cod_process, nom_process, description, cod_module, cod_area) VALUES ('P009', 'aforar a un volumen', '', 'M002', 'A003');	--		dato
INSERT INTO process(cod_process, nom_process, description, cod_module, cod_area) VALUES ('P010', 'encaminar la muestra', '', 'M002', 'A003');	--		dato
-- absorcion atomica
INSERT INTO process(cod_process, nom_process, description, cod_module, cod_area) VALUES ('P011', 'admision de muestras', '', 'M002', 'A004');	--		
INSERT INTO process(cod_process, nom_process, description, cod_module, cod_area) VALUES ('P012', 'recalibracion-equipo', 'datos de verificacion y calibracion de equipos', 'M002', 'A004');--		
INSERT INTO process(cod_process, nom_process, description, cod_module, cod_area) VALUES ('P013', 'lectura', '', 'M002', 'A004');			--		dato	
INSERT INTO process(cod_process, nom_process, description, cod_module, cod_area) VALUES ('P014', 'aprobacion de datos', '', 'M003', 'A004');	--		dato
INSERT INTO process(cod_process, nom_process, description, cod_module, cod_area) VALUES ('P015', 'encaminar la muestra', '', 'M003', 'A004');	--		dato
-- revision de datos
INSERT INTO process(cod_process, nom_process, description, cod_module, cod_area) VALUES ('P016', 'admision de resultados', '', 'M003', 'A005');	--		
INSERT INTO process(cod_process, nom_process, description, cod_module, cod_area) VALUES ('P017', 'revision-datos-cliente', '', 'M003', 'A005');--		
INSERT INTO process(cod_process, nom_process, description, cod_module, cod_area) VALUES ('P018', 'encaminar-resultados', '', 'M003', 'A005');
-- emision de informe		
INSERT INTO process(cod_process, nom_process, description, cod_module, cod_area) VALUES ('P019', 'admision de resultados', '', 'M004', 'A006');		
INSERT INTO process(cod_process, nom_process, description, cod_module, cod_area) VALUES ('P020', 'verificacion de saldos', '', 'M004', 'A006');		
INSERT INTO process(cod_process, nom_process, description, cod_module, cod_area) VALUES ('P021', 'notificar-Pendientes-Pago', 'notificacion de pendientes de pago', 'M004', 'A006');	--		dato
INSERT INTO process(cod_process, nom_process, description, cod_module, cod_area) VALUES ('P022', 'impresión de informes', '', 'M004', 'A006');	--		dato
INSERT INTO process(cod_process, nom_process, description, cod_module, cod_area) VALUES ('P023', 'envio por email', '', 'M004', 'A006');		--		dato
INSERT INTO process(cod_process, nom_process, description, cod_module, cod_area) VALUES ('P024', 'envio de informe tangible', '', 'M004', 'A006');--		dato
INSERT INTO process(cod_process, nom_process, description, cod_module, cod_area) VALUES ('P025', 'envio de contramuestras', '', 'M004', 'A006');	--		dato
INSERT INTO process(cod_process, nom_process, description, cod_module, cod_area) VALUES ('P026', 'envio de rechazos', '', 'M004', 'A006');	--		dato

INSERT INTO person(cod_person, type_document, allname, person_type)
	VALUES ('47987108', 1, 'Alccahuaman Cevallos Irma Hermelinda', 1);
INSERT INTO person(cod_person, type_document, allname, person_type)
	VALUES ('29725425', 1, 'Atamari Cuevas Rossi Veronica', 1);
INSERT INTO person(cod_person, type_document, allname, person_type)
	VALUES ('71573116', 1, 'Castillo Apaza Elard David', 1);
INSERT INTO person(cod_person, type_document, allname, person_type)
	VALUES ('41870109', 1, 'Ccahuana Alencastre Aurora Yuri', 1);
INSERT INTO person(cod_person, type_document, allname, person_type)
	VALUES ('43108388', 1, 'Coaquira Paucar Miluska Pilar', 1);
INSERT INTO person(cod_person, type_document, allname, person_type)
	VALUES ('44945820', 1, 'Gonzales Apaza Lizbeth Yovana', 1);
INSERT INTO person(cod_person, type_document, allname, person_type)
	VALUES ('43204964', 1, 'Juarez Mogrovejo Robin Wilmer', 1);
INSERT INTO person(cod_person, type_document, allname, person_type)
	VALUES ('30676297', 1, 'Juarez Neira Sixto Vicente', 1);
INSERT INTO person(cod_person, type_document, allname, person_type)
	VALUES ('41596581', 1, 'Juarez Saman Juan Carlos', 1);		
INSERT INTO person(cod_person, type_document, allname, person_type)
	VALUES ('29694085', 1, 'Juarez Soto Omar Alfredo', 1);
INSERT INTO person(cod_person, type_document, allname, person_type)
	VALUES ('29725448', 1, 'Juarez Soto Rocio Marisol', 1);
INSERT INTO person(cod_person, type_document, allname, person_type)
	VALUES ('29607764', 1, 'Juarez Soto Vicente Paul', 1);
INSERT INTO person(cod_person, type_document, allname, person_type)
	VALUES ('29675383', 1, 'Laura Sullo Haydee Susana', 1);
INSERT INTO person(cod_person, type_document, allname, person_type)
	VALUES ('29732135', 1, 'Torres Calizaya Leslie Alexandra', 1);
INSERT INTO person(cod_person, type_document, allname, person_type)
	VALUES ('42243969', 1, 'Vargas Soto Diana Jessica', 1);
INSERT INTO person(cod_person, type_document, allname, person_type)
	VALUES ('45717419', 1, 'Angela Mariella Marin Huaman', 1);
INSERT INTO person(cod_person, type_document, allname, person_type)
	VALUES ('42281112', 1, 'José Isaac Valdez Briones', 1);
INSERT INTO person(cod_person, type_document, allname, person_type)
	VALUES ('44082835', 1, 'Farfan Macias Leandro', 1);
		


